location,sampling,standardized_location
P0-3R,1,P0-3R
P34-40,1,P32-38
P0-3R,2,P0-3R
P34-40,2,P32-38
P0-3R,3,P0-3R
P34-40,3,P32-38
P40-45,3,P38-45
P0-3R,4,P0-3R
P21-22L,4,R21-25L
P34-40,4,P32-38
P40-45,4,P38-45
P6-12,4,P6-13
P0-3R,5,P0-3R
P21-24R,5,P22-23R
P34-40,5,P32-38
P40-45,5,P38-45
P47-50R,5,R48-51R
P53-57L,5,R53-60L
P6-12,5,P6-13
R55-60,5,
P0-3R,6,P0-3R
P21-24R,6,P22-23R
P3-6R,6,P3-6R
P38-45,6,P38-45
R17-21,6,R17-20
R25-30,6,R25-30
P0-7,7,P0-3R
P21-23L,7,R21-25L
P25-30,7,R25-30
P38-45,7,P38-45
P47-50,7,P47-50
P76-78,7,P76-78
R17-21,7,R17-20
P0-3R,8,P0-3R
P21-23L,8,R21-25L
P21-24R,8,P22-23R
P3-6R,8,P3-6R
P38-45,8,P38-45
R30-38,8,P32-38
P0-3R,9,P0-3R
P21-23L,9,R21-25L
P3-6R,9,P3-6R
P38-45,9,P38-45
P47-50,9,P47-50
P76-78,9,P76-78
R17-21,9,R17-20
R25-30,9,S26-31L
R30-38,9,P32-38
R50-55R,9,R52-53R
B29-20,10,
P0-3R,10,P0-3R
P21-24R,10,P22-23R
P22-24L,10,R21-25L
P38-45,10,P38-45
P47-50,10,P47-50
P53-57L,10,R53-60L
P59-60,10,
P76-78,10,P76-78
R17-21,10,R17-20
B42-47L,11,S43-46L
P0-3R,11,P0-3R
P22-24L,11,R21-25L
P38-45,11,P38-45
P47-50,11,P47-50
R17-21,11,R17-20
R30-38,11,P32-38
R53-60L,11,P53-57L
B42-47L,12,S43-46L
P0-3R,12,P0-3R
P22-24L,12,R21-25L
P3-6R,12,P3-6R
P38-45,12,P38-45
P47-50,12,P47-50
P53-57L,12,R53-60L
P55-58,12,P55-58L
P59-60,12,R58-63L
P73-75,12,P73-75
P76-78,12,P76-78
R25-30,12,R25-30
B42-46L,13,S43-46L
P0-3R,13,P0-3R
P17-19,13,P17-19R
P21-24R,13,P21-26
P22-25L,13,R21-25L
P3-6R,13,P3-6R
P38-45,13,P38-45
P47-50R,13,R48-51R
P53-57L,13,R53-60L
P73-75,13,P73-75
P76-78,13,P76-78
R25-30,13,R25-30
B42-46L,14,S43-46L
N6-12,14,P6-13
P0-3R,14,P0-3R
P17-19,14,R17-20
P21-24R,14,P22-23R
P22-25L,14,P22-24L
P3-6R,14,P3-6R
P38-45,14,P38-45
P47-50R,14,R48-51R
P53-57L,14,R53-60L
P70-71.5,14,P70-71R
P73-75,14,P73-75
P77-79,14,P76-78
R19-21,14,R19-21
R25-30,14,R25-30
R30-38,14,P32-38
R54-61,14,S54-60R
P0-3,15,P2-4L
P0-3R,15,P0-3R
P17-19,15,P17-19R
P21.5-23L,15,R21-25L
P21.5-24.5,15,R21-25L
P21.5-24.5L,15,R21-25L
P21.5-24.5R,15,P22-23R
P3.5-5.5,15,P3-6R
P38-45,15,P38-45
P47-50L,15,P47-50L
P47-50R,15,R48-51R
P5.5-10,15,P6-13
P55.5-61.5,15,P55-58L
P70-71.5,15,P70-71R
P73-75,15,P73-75
P76.5-79.5,15,P76-78
P77-79R,15,R75-79R
P84-88,15,P83-88
R2-4R,15,P3-6R
R25.5-29,15,R25-30
R3.5-5.5,15,P3-6R
R32.5-38,15,P32-38
R55.5-61.5,15,P55-58L
R9-11.5,15,R8-10L
S42.5-46L,15,S43-46L
S42.5-46R,15,S43-46L
S54-60L,15,R53-60L
S54-60R,15,S54-60R
N35-37,16,P32-38
N72-75,16,P73-75
P0-3R,16,P0-3R
P22-24.5L,16,P22-24L
P22.5-30R,16,R25-30
P25.5-29.5L,16,S26-31L
P25.5-30,16,R25-30
P25.5-30R,16,P25-27R
P3-5R,16,P3-6R
P30-31.5R,16,P25-27R
P30-45.5,16,P38-45
P38-45.5,16,P38-45
P38.45.5,16,P38-45
P47-50,16,P47-50
P47-50L,16,P47-50L
P47-50R,16,R48-51R
P69-70.5R,16,P69-70R
P76-78,16,P76-78
R17-20,16,R17-20
R2-4,16,P2-4L
R20-21.5,16,R20-22
R5-10.8,16,R8-10L
R5-11,16,P6-13
R54-61,16,S54-60R
R64-66,16,P63-66R
R66-69,16,P66-67
R80-83,16,P81.5-84
R83-89,16,P83-88
R9-17,16,N13-15
S21.5-22.5R,16,P20-22R
S43-46L,16,S43-46L
S54-59L,16,R53-60L
B60-62,17,P60-62L
N1-4L,17,P2-4L
N22-26R,17,P22-23R
N25-28L,17,P26-28L
N28-31L,17,P26-28L
N3-6R,17,P3-6R
N30-31,17,S26-31L
N55-61R,17,S54-60R
N6-12L,17,P6-13
N72-76,17,P73-75
N76-79,17,P76-78
P0-3R,17,P0-3R
P03R,17,P0-3R
P17-19,17,P17-19R
P21-25L,17,R21-25L
P22-24R,17,P22-23R
P26-28R,17,P25-27R
P3-6R,17,P3-6R
P38-46,17,P38-45
P47-39R,17,P47-50
P47-49R,17,R48-51R
P69-71R,17,P70-71R
R1-4L,17,P2-4L
R32-38,17,P32-38
R49-51L,17,R48-51R
R53-60L,17,P53-57L
R6-12L,17,P6-13
R63-65L,17,R63-65L
R66-67L,17,P66-67
R9-17,17,P6-13
S43-46L,17,S43-46L
N17-19,18,R17-20
N21-26,18,P21-26
N23-25L,18,P22-24L
N26-27L,18,P26-28L
N55-61R,18,S54-60R
N55-62R,18,S54-60R
N72-76,18,R71-74
N76-80,18,P76-78
P0-3R,18,P0-3R
P17-18L,18,B16-18L
P19-21,18,R19-21
P2-4L,18,P2-4L
P21-23R,18,P22-23R
P22-24,18,P22-24L
P27-28R,18,P25-27R
P3-6,18,P3-6R
P3-6R,18,P3-6R
P38-46,18,P38-45
P47-49R,18,R48-51R
P53-57L,18,R53-60L
P55-57L,18,P55-58L
P60-62L,18,P60-62L
P66-67L,18,P66-67
P7-11L,18,R8-10L
P77-79,18,P76-78
P9-13R,18,P6-13
R33-38,18,P32-38
R6-10R,18,P6-13
R64-72,18,R67-69
R8-10L,18,R8-10L
S43-47L,18,S43-46L
N25-31L,19,S26-31L
N27-29R,19,P25-27R
N34-38,19,P32-38
N6-15,19,P6-13
P1-3,19,P0-3R
P1-3R,19,P0-3R
P17.5-19.5,19,P17-19R
P18-19L,19,P18-19L
P2-5L,19,P2-4L
P22,19,P22-24L
P22-25,19,P22-24L
P3-6R,19,P3-6R
P38-47,19,P38-45
P48-50,19,P47-50
P70-71,19,P70-71R
P71R,19,P70-71R
P74-45L,19,P73-75
P74-75L,19,P73-75
P77-80,19,P76-78
P77-81,19,P76-78
R19-22,19,R19-21
R31R,19,
R55-63,19,S54-60R
S22-23R,19,P22-23R
S25-31L,19,S26-31L
S45-48C,19,S43-46L
S45-48L,19,S43-46L
S54-60,19,R53-60L
S54-60L,19,R53-60L
S61-63L,19,P60-62L
N26-30,20,R25-30
N26-30R,20,R25-30
N32-38,20,P32-38
N5-17,20,P6-13
N54-60R,20,S54-60R
N63-66C,20,N63-66
N63-66L,20,N63-66
N83-88,20,P83-88
P0-3,20,P0-3R
P0-3R,20,P0-3R
P17-19R,20,P17-19R
P18-19L,20,P18-19L
P21-23R,20,P20-22R
P22-26,20,R23-26
P25.5-27.5L,20,P26-28L
P3-4L,20,P2-4L
P3-6R,20,P3-6R
P32-38,20,P32-38
P38-46,20,P38-45
P47-50,20,P47-50
P53-59L,20,R53-60L
P66-68L,20,P66-67
P69-71,20,P69-70R
P76-79L,20,P77-80L
P77-79,20,P76-78
P83-88,20,P83-88
P95-97R,20,P83-88
R19-21,20,R19-21
R28-31L,20,S26-31L
R69-70L,20,R67-69
S42-44,20,S43-46L
B16-18L,21,B16-18L
N24-26L,21,R23-26
N3-12,21,P6-13
N3-12R,21,P6-13
N33-36,21,P32-38
N36-44,21,P38-45
N54-60.5R,21,S54-60R
N62-64,21,N63-66
N81.5-84,21,P81.5-84
P0-2R,21,P0-3R
P0-3L,21,P2-4L
P18-20,21,R17-20
P2-5R,21,P0-3R
P20-22R,21,P20-22R
P20-24L,21,R21-25L
P25-27,21,P25-27R
P25-27R,21,P25-27R
P27-29L,21,P26-28L
P33-36,21,P32-38
P36-44,21,P38-45
P43-46L,21,S43-46L
P45-48,21,P47-50
P52-58L,21,P53-57L
P58-61L,21,P60-62L
P64-66L,21,R63-65L
P68-69R,21,P69-70R
P71-72L,21,R71-74
P74-77.5L,21,P77-80L
P81.5-84,21,P81.5-84
R27-29L,21,P26-28L
S41-45,21,S43-46L
S43-46L,21,S43-46L
N22-25,22,P22-24L
N22-25R,22,P22-23R
N33-38,22,P32-38
N34-37,22,P32-38
N5-15,22,P6-13
N51-58L,22,P53-57L
N83-88,22,P83-88
P0-3R,22,P0-3R
P17-19R,22,P17-19R
P2-4L,22,P2-4L
P21-23R,22,P20-22R
P22-25,22,P21-26
P25-27L,22,P26-28L
P26-29R,22,P25-27R
P27-31L,22,S26-31L
P38-46,22,P38-45
P47-50R,22,R48-51R
P54-58L,22,P53-57L
P61-62L,22,P60-62L
P69-71,22,P69-70R
P76-79L,22,P77-80L
P76-79R,22,R75-79R
R19-21,22,R19-21
R24-25R,22,R23-26
R27-31L,22,S26-31L
R54-52R,22,R52-53R
R54-62R,22,S54-60R
R63-66L,22,R63-65L
R73-75,22,P73-75
R76-79R,22,R75-79R
S43-47L,22,S43-46L
S44-48,22,S43-46L
S44-48N,22,S43-46L
N13-15,23,N13-15
N33-38,23,P32-38
N64-66,23,R63-65L
N72-76,23,P73-75
P0-5R,23,P0-3R
P17-19,23,P17-19R
P2-4L,23,P2-4L
P21-23R,23,P20-22R
P21-26,23,P21-26
P26-29,23,P25-27R
P38-46,23,P38-45
P47-50,23,P47-50
P6-13,23,P6-13
P66-68L,23,P66-67
P70-71R,23,P70-71R
P77-80L,23,P77-80L
P84-88,23,P83-88
R26-29,23,P25-27R
R26-29R,23,P25-27R
R26-31L,23,S26-31L
R54-61R,23,S54-60R
R80-81R,23,P80-82R
S42-45,23,S43-46L
S45-46,23,S43-46L
S54-58L,23,P55-58L
N17-19R,24,P17-19R
N26-31L,24,S26-31L
N55-61R,24,S54-60R
N73-75L,24,P73-75
N77-78R,24,R75-79R
N84-88,24,P83-88
P0-6R,24,P0-3R
P22-25,24,P22-24L
P22-25L,24,P22-24L
P27-29,24,P25-27R
P27-29R,24,P25-27R
P34-38,24,P32-38
P38-45,24,P38-45
P47-50,24,P47-50
P6-13,24,P6-13
P70-71,24,P70-71R
P77-80L,24,P77-80L
P95-98,24,P83-88
R20-22,24,R20-22
S42-45L,24,S43-46L
S54-58L,24,P53-57L
N13-15,25,N13-15
N29-31,25,S26-31L
N55-60,25,S54-60R
N74-76,25,P73-75
N76-79R,25,R75-79R
P0-5,25,P0-3R
P0-5R,25,P0-3R
P17-19,25,P17-19R
P2-4L,25,P2-4L
P21.5-25,25,P21-26
P26-28L,25,P26-28L
P27-28.5R,25,P25-27R
P33-37,25,P32-38
P38-45,25,P38-45
P47-50,25,P47-50
P52-59L,25,R53-60L
P6-12,25,P6-13
P70-71L,25,P70-71R
P77-80,25,P76-78
P77-80L,25,P77-80L
P77-80R,25,R75-79R
P84-89,25,P83-88
P96-99R,25,P83-88
R19.5-21,25,R19-21
S21.5-23R,25,P22-23R
S43-45L,25,S43-46L
S44-45L,25,S43-46L
S52-59L,25,P53-57L
N26-28L,26,P26-28L
P0-3R,26,P0-3R
P17-19R,26,P17-19R
P2-5L,26,P2-4L
P21-23L,26,R21-25L
P22-25C,26,R23-26
P27-29R,26,P25-27R
P34-38,26,P32-38
P38-46,26,P38-45
P4-6R,26,P3-6R
P47-51,26,P47-50
P55-61R,26,S54-60R
P6-13,26,P6-13
P6-13R,26,P6-13
P64-66,26,N63-66
P70-71R,26,P70-71R
P73-74L,26,P73-75
P77-80L,26,P77-80L
P80-82,26,P81.5-84
P80-82L,26,P77-80L
P80-82R,26,P80-82R
P84-88,26,P83-88
P95-97,26,P83-88
R13-15,26,N13-15
R20-22C,26,R20-22
R26-28,26,P26-28L
R28-31,26,S26-31L
S22-23,26,P22-23R
S44-46C,26,S43-46L
S54-57L,26,P53-57L
S61-62,26,P60-62L
B18-19L,27,B16-18L
N17.5-20,27,R17-20
N33-38,27,P32-38
P0-5L,27,P2-4L
P0-5R,27,P0-3R
P0-6R,27,P0-3R
P21-26,27,P21-26
P22-23R,27,P22-23R
P26-27L,27,P26-28L
P26-28L,27,P26-28L
P33-31,27,P32-38
P38-46,27,P38-45
P38-47,27,P38-45
P48-50,27,P47-50
P52-53L,27,P51-53L
P54-60,27,R53-60L
P54-60L,27,R53-60L
P61-62L,27,P60-62L
P66-67L,27,P66-67
P70-72R,27,P70-71R
P72-74L,27,R71-74
P74-76L,27,P77-80L
P77-79L,27,P77-80L
R20-22,27,R20-22
R27-29R,27,P25-27R
R28-31L,27,S26-31L
R5-17,27,P6-13
R55-62R,27,S54-60R
R6-17,27,P6-13
R63-66R,27,P63-66R
R69-70L,27,P63-66R
R76-79R,27,R75-79R
R84-88,27,P83-88
S44-46L,27,S43-46L
N55-62,28,S54-60R
N64-66,28,N63-66
N64-66C,28,N63-66
N80-81R,28,P80-82R
N83.5-86,28,P83-88
P17-19.5R,28,P17-19R
P18-19L,28,P18-19L
P2-5L,28,P2-4L
P2-5R,28,P0-3R
P22-23R,28,P22-23R
P22-25,28,P22-24L
P26-27L,28,P26-28L
P26-29R,28,P25-27R
P27-20R,28,P25-27R
P27-29R,28,P25-27R
P33-38,28,P32-38
P38-46,28,P38-45
P47-50,28,P47-50
P54-60,28,R53-60L
P54-60L,28,R53-60L
P60-62L,28,P60-62L
P70-72R,28,P70-71R
P72-76L,28,P73-75
P76-80L,28,P77-80L
R20-22,28,R20-22
R28-30L,28,S26-31L
R5-17,28,P6-13
R50-51C,28,R50-51C
R50-51L,28,P51-53L
R52-53R,28,R52-53R
R75-79R,28,R75-79R
S42-46L,28,S43-46L
S43-44C,28,S43-46L
S45-48L,28,S43-46L
S45-58L,28,S43-46L
N20-22,29,R20-22
N28-31L,29,S26-31L
N6-17,29,P6-13
N69.5-71.5,29,P69-70R
N76-79R,29,P76-78
P1-6R,29,P0-3R
P17.5-19.5R,29,P17-19R
P18-19L,29,P18-19L
P2-5L,29,P2-4L
P21-25L,29,R21-25L
P21.5-23R,29,P20-22R
P26-28L,29,P26-28L
P27-19,29,P25-27R
P27-29,29,P25-27R
P27-29R,29,P25-27R
P33-38,29,P32-38
P38-46,29,P38-45
P38-47,29,P38-45
P38-48,29,P38-45
P38-49,29,P38-45
P38-50,29,P38-45
P47-51,29,P47-50
P53-59L,29,R53-60L
P55-61R,29,S54-60R
P61-62.5L,29,P60-62L
P64-66,29,R63-65L
P72-73R,29,R71-74
P72-74L,29,P73-75
P77-78L,29,P77-80L
P77.5-19.5R,29,R75-79R
R64-66,29,N63-66
R68.5-69.5,29,R67-69
R84-86,29,P83-88
S43-46L,29,S43-46L
N61-64L,30,R63-65L
P1-4R,30,P0-3R
P27-29L,30,P26-28L
P3-6L,30,P2-4L
P4-7R,30,P3-6R
P40-47,30,P38-45
P48-51R,30,R48-51R
P54-55R,30,S54-60R
P67-68L,30,R67-69
P76-77L,30,P77-80L
P77-81R,30,R75-79R
P78-80L,30,P77-80L
R19-23,30,R19-21
R23-27,30,R23-26
R27-31R,30,R25-30
R35-39,30,P32-38
R48-51R,30,R48-51R
R54-61L,30,R53-60L
R56-65,30,S54-60R
R58-51R,30,S54-60R
R6-9,30,P6-13
R65-68,30,P66-67
R71-73,30,R71-74
R73-76L,30,P73-75
R8-19L,30,P6-13
R82-83R,30,P81.5-84
B42-45,31,S43-46L
P0-5,31,P0-3R
P17-19R,31,P17-19R
P17.5-21.5,31,R17-20
P18-19L,31,P18-19L
P21-23R,31,P20-22R
P25-30R,31,P20-22R
P26-31L,31,S26-31L
P33-38,31,P32-38
P38-47,31,P38-45
P5-16,31,P3-6R
P54-58L,31,P55-58L
P63-66L,31,N63-66
P69-71,31,P69-70R
P72-74L,31,P73-75
P73-75L,31,P73-75
P76-78L,31,P77-80L
R17.5-21.5,31,R17-20
R21-25L,31,R21-25L
R25-30R,31,R25-30
R26-31,31,S26-31L
R26-31L,31,S26-31L
R47-49L,31,P47-50L
R47-50R,31,R48-51R
R5-16,31,P6-13
R54-53R,31,R52-53R
R54-58L,31,P55-58L
R54-63R,31,S54-60R
R58-63L,31,R58-63L
R75-79R,31,R75-79R
R76-78L,31,P77-80L
P0-3R,32,P0-3R
P17-21.5R,32,P17-19R
P18-19.5,32,P18-19L
P2-4L,32,P2-4L
P21-23L,32,P22-24L
P22-23R,32,P22-23R
P38-46,32,P38-45
P4-6R,32,P3-6R
P48-50,32,P47-50
P5-17,32,P6-13
P55-63,32,R58-63L
P60-63L,32,P60-62L
P63-66,32,N63-66
P65-66.5,32,R63-65L
P69-71.5,32,P69-70R
P69.5-71.5,32,P69-70R
P72-76,32,P73-75
P76-80,32,P76-78
P83-88,32,P83-88
R17-21.5R,32,P17-19R
R25-31L,32,S26-31L
R26-30R,32,P25-27R
R32-38,32,P32-38
R5-17,32,P6-13
R51-52L,32,P51-53L
R52,32,R52-53R
R53-60L,32,P53-57L
R72-76,32,P73-75
S42-47L,32,S43-46L
B44-47L,33,S43-46L
N77-81,33,P77-80L
P0-6,33,P0-3R
P19-20L,33,R19-21
P2-5L,33,P2-4L
P34-39,33,P32-38
P39-48,33,P38-45
P49-52,33,P47-50L
P5-17,33,P6-13
P67-68L,33,R67-69
P70-72L,33,R71-74
P71-73R,33,P70-71R
R23-26,33,R23-26
R23-28,33,R23-26
R25-60L,33,P55-58L
R26-31,33,R25-30
R5-17,33,P6-13
R55-60,33,P55-58L
R55-60L,33,P55-58L
R56-64R,33,S54-60R
R65-68,33,P66-67
R70-72,33,R71-74
R73-77,33,P73-75
R81-84,33,P81.5-84
R88-93,33,P83-88
N56-63,34,R58-63L
P1-8R,34,P0-3R
P11-13R,34,P6-13
P19-21R,34,R19-21
P20L,34,P18-19L
P23-24R,34,P22-23R
P29-31R,34,R25-30
P35-40,34,P32-38
P4-8L,34,P2-4L
P40-48,34,P38-45
P45-52,34,P47-50
P48-52,34,P47-50
P55-50L,34,P55-58L
P55-60L,34,P55-58L
P65-71,34,P66-67
P74-78,34,P76-78
P78-82,34,P81.5-84
R14-19L,34,N13-15
R23-27.5L,34,R23-26
R23-32L,34,S26-31L
R27-32L,34,S26-31L
R60-64,34,N63-66
R65-71,34,R67-69
R71-74,34,R71-74
R74-78,34,P76-78
R82-85,34,P81.5-84
S45-47L,34,S43-46L
N26-28.5L,35,P26-28L
N72-76,35,P73-75
N84-86,35,P83-88
P0-4R,35,P0-3R
P10-13,35,P6-13
P18-20L,35,P18-19L
P18-20R,35,P17-19R
P22-23.5R,35,P22-23R
P22-26L,35,P22-24L
P23-25.5L,35,P22-24L
P27-30R,35,P25-27R
P3-6L,35,P2-4L
P33-38,35,P32-38
P35-47R,35,P38-45
P37-47R,35,P38-45
P38-47,35,P38-45
P38-47R,35,P38-45
P4-6R,35,P3-6R
P48-50,35,P47-50
P48-50R,35,R48-51R
P51-52L,35,P51-53L
P55-59L,35,P55-58L
P55-60R,35,S54-60R
P61-63L,35,P60-62L
P64-66,35,N63-66
P69-70L,35,R67-69
P70-72R,35,P70-71R
P76-80,35,P76-78
R13-18,35,N13-15
R29-31.5L,35,S26-31L
R6-9.5,35,P6-13
S44-46L,35,S43-46L
P0-3R,36,P0-3R
P17-18.5,36,R17-20
P18-19,36,P18-19L
P18-19L,36,P18-19L
P21-24R,36,P22-23R
P21-26L,36,R21-25L
P22.5-25L,36,R21-25L
P26-29L,36,P26-28L
P26-29R,36,P25-27R
P3-6R,36,P3-6R
P3-7L,36,P2-4L
P33-39,36,P32-38
P38-46,36,P38-45
P46-50,36,P47-50
P53-59,36,P53-57L
P55-59R,36,S54-60R
P60-62R,36,N63-66
P61-63L,36,P60-62L
P73-76L,36,P73-75
R11-17L,36,P73-75
R66-68,36,P66-67
R83-88,36,P83-88
R83-88L,36,P83-88
R9-11R,36,R8-10L
S43-45L,36,S43-46L
N55-61R,37,S54-60R
N70-71R,37,P70-71R
P0-6R,37,P0-3R
P17-20R,37,P17-19R
P18-20L,37,P18-19L
P21-26L,37,R21-25L
P22-24R,37,P22-23R
P27-28,37,P26-28L
P27-28L,37,P26-28L
P28-29R,37,P25-27R
P29-30,37,R25-30
P3-7L,37,P2-4L
P33-38,37,P32-38
P33-38R,37,P32-38
P38-46,37,P38-45
P47.5-50,37,P47-50
P53-59L,37,R53-60L
P61-63L,37,P60-62L
P64-66,37,N63-66
P66-67L,37,P66-67
P69-70L,37,R67-69
P77-79L,37,P77-80L
P9-12R,37,P6-13
R13-15,37,N13-15
R6-9,37,P6-13
R83-88,37,P83-88
S45-47L,37,S43-46L
P0-7R,38,P0-3R
P18-20,38,R17-20
P19-20L,38,P18-19L
P22-24R,38,P22-23R
P22-27,38,R23-26
P22-27L,38,R23-26
P22-77,38,R23-26
P23.5-25.5,38,P22-24L
P23.5-25.5L,38,P22-24L
P3-7L,38,P2-4L
P34-39,38,P32-38
P38-46,38,P38-45
P39-47,38,P38-45
P48-51,38,P47-50
P54-60,38,R53-60L
P54-60L,38,R53-60L
P62-64,38,N63-66
P62-64L,38,R63-65L
P64-67,38,P66-67
P67-69L,38,R67-69
P78-81,38,P76-78
R71-73R,38,R71-74
R10-14,38,N13-15
R14.5-18,38,N13-15
R27-29L,38,P26-28L
R27-29R,38,P25-27R
R29-31L,38,S26-31L
R31-32R,38,P25-27R
R56-59R,38,S54-60R
R6-10,38,P6-13
R64-67,38,N63-66
R70-71L,38,R67-69
R73-76,38,P73-75
R85-89,38,P83-88
S43-47,38,S43-46L
N52-54L,39,P51-53L
N56-60R,39,S54-60R
N84-90,39,P83-88
P0-7R,39,P0-3R
P1-7R,39,P0-3R
P19-21,39,R19-21
P23-25R,39,P22-23R
P23-27,39,R23-26
P35-39,39,P32-38
P40-48,39,P38-45
P49-51,39,P47-50
P56-61L,39,P55-58L
P65-68,39,P66-67
P67-69L,39,R67-69
P71-73R,39,R71-74
P73-76,39,P73-75
P73-78,39,P73-75
P77-81,39,P76-78
P91-93,39,P83-88
R11-17,39,N13-15
R17-19,39,N13-15
R22-23,39,P22-23R
R28-30,39,R25-30
R30-32L,39,S26-31L
R30-33L,39,S26-31L
R55-56R,39,R52-53R
R7-10,39,P6-13
B67-68L,40,R67-69
N17-22,40,R17-20
N22-26,40,R23-26
N22-26L,40,P22-24L
N62-64,40,N63-66
N73-76,40,P73-75
N76-81,40,P76-78
P1-6R,40,P0-3R
P1-7L,40,P2-4L
P37-40,40,P32-38
P39-47,40,P38-45
P48-51,40,P47-50
P55-59,40,R53-60L
P55-59L,40,P55-58L
P65-67,40,P66-67
R1-6R,40,P3-6R
R23-31,40,R25-30
R26-31,40,R25-30
R26-81,40,R25-30
R34-39,40,P32-38
R55-59R,40,S54-60R
R65-67,40,P66-67
R71-73R,40,R71-74
R84-90,40,P83-88
R9-17,40,P6-13
S22-23,40,P22-23R
S22-23R,40,P22-23R
S71-72L,40,R71-74
N18-20,41,R17-20
N19.5-23,41,R20-22
N27-33,41,S26-31L
N48-52,41,P47-50
N76-81,41,P77-80L
N84-90,41,P83-88
P1-7R,41,P0-3R
P23-24R,41,P22-23R
P23-27,41,R23-26
P3-7L,41,P2-4L
P33-39,41,P32-38
P39-47,41,P38-45
P55-60L,41,P55-58L
P57-60R,41,S54-60R
R10-18,41,P6-13
R6.5-10,41,P6-13
R61-65L,41,P60-62L
R70-72,41,R71-74
R73-76,41,P73-75
R81-84,41,P81.5-84
SP64.5-65L,41,R63-65L
SP67-68L,41,R67-69
N19-22,42,R19-21
N28-32,42,R25-30
N56.5-64R,42,S54-60R
N62-64L,42,R63-65L
N71-73,42,R71-74
N77-81,42,P76-78
N85.5-90,42,P83-88
P1-7,42,P2-4L
P1-8R,42,P0-3R
P24-25R,42,P25-27R
P24-28,42,R25-30
P35-40,42,P32-38
P39-48,42,P38-45
P41-48,42,P38-45
P49-52,42,P47-50
P49-53,42,P47-50
P5-9L,42,P2-4L
P77-81,42,P76-78
P77-81.5,42,P76-78
R11-15,42,N13-15
R15.5-17,42,N13-15
R17-19,42,R17-20
R55-61L,42,P55-58L
R66-68,42,P66-67
R74-77,42,P76-78
R8-10,42,R8-10L
R85.5-90,42,P83-88
R9-10,42,R8-10L
S47-48L,42,P47-50L
N1-7,43,P2-4L
N19-22,43,R19-21
N24-28,43,R23-26
N30-32,43,S26-31L
N35-39,43,P32-38
N55-59L,43,P55-58L
N62-64L,43,R63-65L
N65-68R,43,P63-66R
N71-73,43,R71-74
N71L,43,R71-74
N73-77,43,P73-75
N85-89,43,P83-88
P23-25R,43,R23-26
P28-30,43,S26-31L
P40-48,43,P38-45
P49-52,43,P47-50
P78-80,43,P76-78
P78-80L,43,P77-80L
R11-15,43,N13-15
R15-19,43,N13-15
R22-23,43,N13-15
R52-52.5L,43,P51-53L
R57-60,43,R58-63L
R61-63R,43,P63-66R
R7-10,43,P6-13
N10-17R,44,N13-15
N19-23,44,R19-21
N28-30R,44,R25-30
N34-40,44,P38-45
N49-52,44,R48-51R
N71.5-74,44,R71-74
N74-78,44,P76-78
N78-82,44,P80-82R
P1-4R,44,P0-3R
P24-26R,44,P25-27R
P24-28L,44,P26-28L
P27-30,44,S26-31L
P27-30L,44,S26-31L
P40-47,44,P38-45
P5-7R,44,P3-6R
P68-69L,44,R67-69
P86-90,44,P83-88
R15-19,44,P17-19R
R30-32L,44,R25-30
R4-9L,44,P2-4L
R52-54L,44,P51-53L
R54-60L,44,P55-58L
R56-61,44,R53-60L
R56-61R,44,S54-60R
R62-64L,44,P55-58L
R7-10,44,P6-13
R89-90R,44,P83-88
N19-24,45,R19-21
N19-25,45,R19-21
N61-63L,45,P60-62L
N62-63R,45,P63-66R
N62-68R,45,N63-66
P15-18,45,B16-18L
P23-25R,45,R23-26
P24-28L,45,P26-28L
P28-30L,45,S26-31L
P28-30R,45,P25-27R
P3-5R,45,P3-6R
P35-40,45,P32-38
P4-5,45,P3-6R
P4-5R,45,P3-6R
P40-48,45,P38-45
P48-52,45,P47-50
P56-60L,45,P55-58L
P57-59R,45,S54-60R
P57.5-59R,45,S54-60R
P68-69L,45,R67-69
R11-15,45,N13-15
R15-18,45,B16-18L
R5-7L,45,P2-4L
R66-67L,45,P66-67
R66-68L,45,P66-67
R7-10,45,P6-13
R72-74,45,P73-75
R74-77,45,P76-78
R78-81,45,P76-78
R88-90,45,P83-88
N19-22L,46,R19-21
N23-27,46,R23-26
N27-29L,46,S26-31L
N27-29R,46,P25-27R
N76-81,46,P77-80L
P1-4,46,P0-3R
P13-15R,46,N13-15
P15-16R,46,P17-19R
P15-18R,46,P17-19R
P20-23R,46,P20-22R
P3-6L,46,P2-4L
P39-48,46,P38-45
P4-7,46,P3-6R
P4-7R,46,P3-6R
P48-51,46,P47-50
P62-64L,46,R63-65L
P66-67,46,P66-67
R34-39,46,P32-38
R47-52L,46,P47-50L
R55-60.5L,46,P55-58L
R56-53R,46,S54-60R
R56-63,46,S54-60R
R56-63R,46,S54-60R
R64-65R,46,P63-66R
R73-76,46,P73-75
R85-89,46,P83-88
S23-29R,46,P25-27R
S70-71.5,46,P70-71R
N21-23,47,R20-22
N23-27,47,R23-26
N78-81,47,P77-80L
P1-7R,47,P0-3R
P16-18R,47,P17-19R
P23-25R,47,P22-23R
P27-30,47,R25-30
P27-30R,47,P25-27R
P3-6L,47,P2-4L
P39-48,47,P38-45
P49-51,47,P47-50
P52-57L,47,P53-57L
P52-59L,47,R53-60L
P52-59R,47,S54-60R
P68-69L,47,R67-69
R10-15.5,47,N13-15
R10-15.5R,47,N13-15
R4-13.5,47,P6-13
R65-68,47,P66-67
N22-26,48,P21-26
N27-30,48,R25-30
N65-67,48,P66-67
P1-7R,48,P0-3R
P19-20L,48,R19-21
P3-6l,48,P2-4L
P34-39,48,P32-38
P39-47,48,P38-45
P48-51R,48,R48-51R
P53.5-59,48,P53-57L
P53.5-59L,48,R53-60L
P54-59R,48,S54-60R
P78-81,48,P76-78
R10-12,48,P6-13
R10-12R,48,P6-13
R16-18,48,B16-18L
R18-20R,48,P17-19R
R34-39,48,P32-38
R70-71,48,P70-71R
R73-77,48,P73-75
R9-13L,48,P6-13
B23-25,49,P21-26
N27-31,49,S26-31L
N3-6L,49,P2-4L
N77-70,49,P77-80L
N77-79,49,P77-80L
P19-23,49,R19-21
P2-7P,49,P0-3R
P2-7R,49,P0-3R
P23-26,49,R23-26
P34-39.5,49,P32-38
P40-48,49,P38-45
P48.5-51,49,P47-50
P53-60L,49,R53-60L
P54-29R,49,S54-60R
P54-59R,49,S54-60R
R10-18,49,N13-15
R34-39.5,49,P32-38
R65-66,49,R63-65L
R7-13,49,P6-13
R71-73R,49,R71-74
R74-77,49,P76-78
N22-26,50,R23-26
N26-28L,50,P26-28L
N78-81,50,P77-80L
P1-6R,50,P0-3R
P17.5-22,50,R17-20
P22-24R,50,P22-23R
P38-47,50,P38-45
P48-50,50,P47-50
P50-51.5L,50,P51-53L
P54-58,50,P53-57L
P54-59L,50,R53-60L
R10-17,50,P6-13
R17.5-22,50,R17-20
R27-28R,50,P25-27R
R33-38,50,P32-38
R46-47.5L,50,S43-46L
R51-54L,50,P51-53L
R62-67,50,N63-66
R70.5-73,50,R71-74
R73-75.5,50,P73-75
N19-24,51,R19-21
N23-27,51,R23-26
N77-81,51,P76-78
P1-4.5R,51,P0-3R
P23-25R,51,P26-28L
P28-30R,51,P26-28L
P4.5-7.5R,51,P3-6R
P4.5-7L,51,P2-4L
P40-48,51,P38-45
P49-52,51,P47-50
P52-60R,51,S54-60R
P56-58L,51,P55-58L
P59-61L,51,P60-62L
R10-15.5R,51,N13-15
R16-19,51,B16-18L
R28-30L,51,S26-31L
R35-39,51,P32-38
R52-53L,51,P51-53L
R53-57L,51,P53-57L
R65-68,51,P66-67
R71.5-73,51,R71-74
R74-77,51,P76-78
N18-22,52,R17-20
N6-14,52,P6-13
N77-81,52,P77-80L
N77-84,52,P77-80L
P1-4,52,P0-3R
P2-6L,52,P2-4L
P22-26,52,R23-26
P26.5-29,52,S26-31L
P38.5-47,52,P38-45
P4-6.5,52,P3-6R
P48-50,52,P47-50
P48-50.5,52,P47-50
P51-57,52,P53-57L
P51-57L,52,P53-57L
P51-59,52,P53-57L
R14-17.5,52,N13-15
R34-37,52,P32-38
R65-67,52,P66-67
R71-73,52,R71-74
R73.5-75,52,P73-75
R73.5-76,52,P73-75
N33.5-38,53,P32-38
N6-12,53,P6-13
P1-6R,53,P0-3R
P2-5L,53,P2-4L
P22-25,53,P21-26
P27-30.5,53,R25-30
P38-47,53,P38-45
P47-52,53,P47-50
P52-59,53,P53-57L
P52-59R,53,S54-60R
P64-66,53,N63-66
P71-73,53,R71-74
P77-81,53,P76-78
R13-17,53,N13-15
R18-22,53,R19-21
R71-73,53,R71-74
R73-77,53,P73-75
R85-87,53,P83-88
S50-56,53,P53-57L
S50-56L,53,P53-57L
S57-58L,53,P55-58L
N19-24,54,P21-26
N28-30,54,R25-30
N49-52,54,P47-50
N6-13L,54,P6-13
N65-69,54,R67-69
N78-82,54,P77-80L
P23-25,54,R21-25L
P24-27,54,P25-27R
P30-32,54,S26-31L
P40-47,54,P38-45
P52-59,54,S54-60R
P52-59L,54,R53-60L
P59-61L,54,P60-62L
P65,54,N63-66
P98-100R,54,P83-88
R15-18,54,B16-18L
R15-18.5,54,B16-18L
R32-33,54,P32-38
R34-40,54,P32-38
R68.3-69.5,54,R67-69
R72-74,54,P73-75
R74-78,54,P76-78
R86-88.5,54,P83-88
S3-5R,54,P3-6R
S3-6L,54,P2-4L
S52-59L,54,R53-60L
S59-61,54,P60-62L
S59-61L,54,P60-62L
S6-8L,54,P6-13
N18-22,55,R19-21
N26-29,55,P26-28L
N34-38,55,P32-38
N48-50,55,R48-51R
N61-63,55,P60-62L
N63-67,55,R63-65L
N71-73,55,R71-74
N73-78,55,P73-75
P22.5-26,55,P22-24L
P3-7L,55,P2-4L
P38-47,55,P38-45
P46-48,55,P47-50
P51-52,55,P51-53L
P53-59R,55,S54-60R
P78-81L,55,P77-80L
P78-81R,55,R75-79R
P93-96R,55,P83-88
P96-99R,55,P83-88
R13-17.5,55,N13-15
R31-32,55,P32-38
S1-6,55,P2-4L
S1-6R,55,P0-3R
S22-23,55,P22-23R
S52-53L,55,P51-53L
S60L,55,P60-62L
N16-20,56,R17-20
N20-21,56,R20-22
N20-24,56,P21-26
N28-32,56,S26-31L
N35-41,56,P32-38
N4-9L,56,R8-10L
N50.5-53R,56,R52-53R
N67-69,56,R67-69
N76-79,56,P76-78
N8-14L,56,R8-10L
P24-28,56,R23-26
P4-8R,56,P3-6R
P41-48,56,P38-45
P50.5-53R,56,R52-53R
P52.5-54,56,P53-57L
P55-61R,56,S54-60R
P58-61L,56,P60-62L
P61-62L,56,P60-62L
P73-75,56,P73-75
P80-83,56,P81.5-84
P97-98R,56,P83-88
P98-100R,56,P83-88
R63-65R,56,P63-66R
R63-69R,56,P63-66R
R70.5-72,56,P70-71R
R72.5-73.5,56,R71-74
S24-25R,56,P22-23R
B69-70,57,P69-70R
N10-15,57,P6-13
N19-23,57,R19-21
N23-27.5,57,R23-26
N27.5-30,57,S26-31L
N35-39,57,P32-38
N7-13L,57,P6-13
N72-74,57,R71-74
N74-77,57,P76-78
P1-4.5,57,P0-3R
P39-47,57,P38-45
P4-6L,57,P2-4L
P49-53,57,P47-50
P54-61,57,S54-60R
P54-61R,57,S54-60R
P57-61L,57,P55-58L
P62-64,57,N63-66
P62-65,57,N63-66
P66-68,57,P66-67
P79-81,57,P81.5-84
R15-19,57,B16-18L
R32-33,57,P32-38
R86-91,57,P83-88
S83-84,57,P83-88
N19-24,58,P21-26
N2-7L,58,P2-4L
N24-28,58,R23-26
N63-65R,58,P63-66R
N73-76,58,P73-75
N76-79,58,R75-79R
N79-83,58,P77-80L
P1-8R,58,P0-3R
P29-32,58,S26-31L
P40-49,58,P38-45
P50-53,58,P51-53L
P63-65L,58,R63-65L
P63-65R,58,N63-66
P65-70,58,R67-69
R11-19R,58,N13-15
R35-39,58,P32-38
R54-62L,58,R53-60L
R59-62L,58,R58-63L
R62-63L,58,P60-62L
R7-14L,58,P6-13
S16-17R,58,P17-19R
S56-63R,58,S54-60R
N18-22,59,R19-21
N22-26,59,P21-26
N63-67,59,N63-66
N70.5-73,59,R71-74
N73-76,59,P73-75
N76-80,59,P77-80L
P1-5.5,59,P0-3R
P26-32,59,S26-31L
P33-38,59,P32-38
P38-45,59,P38-45
P38-48,59,P38-45
P48-50,59,P47-50
P54-60R,59,S54-60R
R32-33,59,P32-38
R5-12,59,P6-13
R52-60L,59,P53-57L
R85-89,59,P83-88
R9-18R,59,P6-13
S22-24R,59,P22-23R
S61-63R,59,P63-66R
S61-64L,59,R63-65L
S96-99R,59,P83-88
N1-8,60,P0-3R
N18-23,60,R19-21
N24-39,60,P32-38
N34-39,60,P32-38
N65-68,60,P66-67
N7.5-13.5,60,P6-13
N71-74,60,R71-74
N77-81,60,P77-80L
P23-27,60,R23-26
P27-31,60,S26-31L
P40-48,60,P38-45
P49-51,60,R48-51R
R10.5-18,60,N13-15
R31.5-32.5,60,R25-30
R31.5-32.5R,60,R25-30
R55-60R,60,S54-60R
R56-58L,60,P55-58L
R74-77,60,P76-78
R86-90,60,P83-88
S23-25,60,R23-26
S62-63R,60,P63-66R
S62-64,60,N63-66
S96-99R,60,P83-88
